objective_value,primal_residual,dual_residual,
-865.089,9.20617e-06,6.84978e-11,
-1037.74,4.13031e-06,2.51436e-09,
-1097.27,2.64258e-06,1.57097e-09,
-1146.45,7.25311e-06,4.66475e-09,
-1089.14,6.76476e-07,4.16645e-10,
-1129.56,8.14061e-06,4.57424e-09,
-1112.34,8.35393e-07,4.86947e-10,
-1053.62,3.85089e-06,2.33987e-09,
-1079.61,2.36113e-06,1.43069e-09,
