objective_value,primal_residual,dual_residual,
-892.479,1.51778e-06,9.77978e-12,
-1027.47,4.44562e-06,2.72552e-09,
-1107.95,2.54253e-06,1.54658e-09,
-1112,1.47439e-06,7.99748e-10,
-827.932,5.04123e-06,2.70165e-09,
10226.6,1.93679e-07,6.605e-09,
334.298,6.37397e-08,8.4528e-10,
854.365,1.1526e-07,1.15449e-09,
1206.57,1.15592e-07,4.02931e-11,
