objective_value,primal_residual,dual_residual,
-403.629,8.46377e-07,2.75429e-10,
-793.195,4.08973e-07,5.40668e-11,
-904.959,1.13121e-06,1.63863e-10,
-869.961,2.246e-06,2.70458e-10,
-671.085,4.22754e-06,8.38723e-10,
-348.831,1.63525e-06,2.19568e-09,
-58.2048,1.0764e-07,7.46746e-11,
40.1632,1.0248e-07,7.29332e-11,
43.4801,9.03143e-08,6.66949e-11,
