objective_value,primal_residual,dual_residual,
-56412.7,4.42115e-07,3.2962e-07,
-81088,8.57053e-06,4.85226e-08,
-78465.5,3.46366e-07,4.82812e-08,
-53814.9,2.49098e-07,1.73497e-07,
-2018.36,6.28128e-06,1.35078e-06,
-2018.52,5.7812e-06,1.27224e-06,
-2018.51,5.78121e-06,1.27224e-06,
-2018.52,5.78121e-06,1.27224e-06,
-2018.53,5.7812e-06,1.27225e-06,
